epoch,step,train_acc,train_f1,train_loss,train_mcc
0,49,0.46771037578582764,0.5244755148887634,0.8150493502616882,-0.041267648339271545
