epoch,step,train_loss,train_mae,train_mse,train_r2,train_rmse
0,9,8.391343116760254,1.4680918455123901,8.391343116760254,-0.11064743995666504,2.8967814445495605
0,19,12.53158187866211,1.8372656106948853,12.53158187866211,-0.28127992153167725,3.5399973392486572
0,29,14.469404220581055,2.101269006729126,14.469404220581055,-0.01345968246459961,3.8038671016693115
0,39,5.557724475860596,1.126685619354248,5.557724475860596,-0.2721303701400757,2.357482671737671
0,49,5.247381210327148,1.0771307945251465,5.247381210327148,-0.08018600940704346,2.2907164096832275
0,59,16.433849334716797,2.270430564880371,16.433849334716797,-0.3601473569869995,4.053868293762207
